Name,Phone Number,Address
PUR VAPE AND SMOKE SHOP,(646) 760-9307,346 9th Ave - 10001
Herald Smoke Shop,(212) 643-1858,39 W 32nd St - 10001
SMOKE HUT SMOKE & VAPE SHOP,(917) 578-6100,31 W 31st St - 10001
E-Smoke & Convenience,(212) 279-8434,2 W 33rd St - 10001
Skylight Smoke shop best smoke in nyc,(646) 724-5195,249 W 26th St - 10001
Chelsea Vibez smokeshop,(917) 965-2122,101 W 25th St - 10001
Ally's Smokes And Magazines Inc,(212) 804-6273,158 W 30th St - 10001
NYC GIFT & SMOKE ACCESSORIES,(212) 730-0169,827 6th Ave - 10001
Cali Cloudz,(646) 560-0901,153 W 27th St - 10001
Midtown Smoke Shop & Vape,(646) 688-5779,454 9th Ave - 10001
Hookah Plus Inc,(646) 666-5109,11 W 27th St - 10001
Sky convenience shop,(917) 261-7681,51w W 29th St - 10001
